[
  {
    "brand": "Apple",
    "models": [
      "iPhone 15 Pro Max",
      "iPhone 15 Pro",
      "iPhone 15 Plus",
      "iPhone 15",
      "iPhone 14 Pro Max",
      "iPhone 14 Pro",
      "iPhone 14 Plus",
      "iPhone 14",
      "iPhone 13 Pro Max",
      "iPhone 13 Pro",
      "iPhone 13",
      "iPhone 12 Pro Max",
      "iPhone 12 Pro",
      "iPhone 12",
      "iPhone 11 Pro Max",
      "iPhone 11 Pro",
      "iPhone 11",
      "iPhone XS Max",
      "iPhone XS",
      "iPhone XR",
      "iPhone X"
    ]
  },
  {
    "brand": "Samsung",
    "models": [
      "Galaxy S24 Ultra",
      "Galaxy S24+",
      "Galaxy S24",
      "Galaxy S23 Ultra",
      "Galaxy S23+",
      "Galaxy S23",
      "Galaxy S22 Ultra",
      "Galaxy S22+",
      "Galaxy S22",
      "Galaxy A54",
      "Galaxy A34",
      "Galaxy A14"
    ]
  },
  {
    "brand": "Xiaomi",
    "models": [
      "Xiaomi 14 Pro",
      "Xiaomi 14",
      "Xiaomi 13 Pro",
      "Xiaomi 13",
      "Redmi Note 13 Pro",
      "Redmi Note 13"
    ]
  },
  {
    "brand": "Huawei",
    "models": [
      "P60 Pro",
      "P50 Pro",
      "Mate 50 Pro"
    ]
  }
]
